INSERT INTO categories (category_id, name, parent_id, description) VALUES
(1, 'Electronics',      NULL, 'Electronic devices and accessories'),
(2, 'Fashion',          NULL, 'Clothing, shoes, and accessories'),
(3, 'Home & Living',    NULL, 'Furniture, decor, and household items'),
(4, 'Sports & Fitness', NULL, 'Sports equipment and activewear'),
(5, 'Books & Stationery', NULL, 'Books, notebooks, and office supplies'),
(6, 'Mobile Phones',    1, 'Smartphones and feature phones'),
(7, 'Laptops',          1, 'Laptops and notebooks'),
(8, 'Audio & Headphones', 1, 'Earphones, headphones, and speakers'),
(9, 'Men Clothing',     2, 'Shirts, trousers, and ethnic wear'),
(10, 'Women Clothing',   2, 'Dresses, abayas, and casual wear'),
(11, 'Kitchen Appliances', 3, 'Blenders, microwaves, and cooking tools'),
(12, 'Cricket Gear',     4, 'Bats, balls, and protective equipment');
INSERT INTO delivery_services (delivery_service_id, name, contact_phone, contact_email, base_rate, per_kg_rate, estimated_days_min, estimated_days_max) VALUES
(1, 'TCS Courier',      '021-111-123456', 'tcs@tcs.com.pk',        150.00, 50.00, 1, 3),
(2, 'Leopards Courier', '042-111-300786', 'support@leopards.com.pk', 120.00, 45.00, 1, 4),
(3, 'M&P Express',      '021-111-786786', 'info@mp.pk',             100.00, 40.00, 2, 5),
(4, 'Pakistan Post',    '051-111-108-108','info@pakpost.gov.pk',     60.00, 25.00, 3, 7);
INSERT INTO users (user_id, full_name, email, phone, password_hash, role) VALUES
(1, 'Bilal Hassan',         'admin@marketplace.pk',    '0300-1111111', crypt('admin123',gen_salt('bf')),   'admin'),
(2, 'Tariq Electronics',    'tariq@techzone.pk',       '0301-2222201', crypt('seller123',gen_salt('bf')),  'seller'),
(3, 'Sana Boutique',        'sana@sanaboutique.pk',    '0301-2222202', crypt('seller123',gen_salt('bf')),  'seller'),
(4, 'Hamza Home Store',     'hamza@hamzahome.pk',      '0301-2222203', crypt('seller123',gen_salt('bf')),  'seller'),
(5, 'Ahmed Sports',         'ahmed@ahmedsports.pk',    '0301-2222204', crypt('seller123',gen_salt('bf')),  'seller'),
(6, 'Zara Books',           'zara@zarabooks.pk',       '0301-2222205', crypt('seller123',gen_salt('bf')),  'seller'),
(7, 'Karachi Mobile Hub',   'kmh@karachimobile.pk',    '0301-2222206', crypt('seller123',gen_salt('bf')),  'seller'),
(8, 'Lahore Laptop Depot',  'lld@laptopslhr.pk',       '0301-2222207', crypt('seller123',gen_salt('bf')),  'seller'),
(9, 'Cricket Express',      'info@cricketexpress.pk',  '0301-2222208', crypt('seller123',gen_salt('bf')),  'seller'),
(10, 'Ali Raza',             'ali.raza@gmail.com',       '0311-3333301', crypt('buyer123',gen_salt('bf')),   'buyer'),
(11, 'Fatima Khan',          'fatima.khan@gmail.com',    '0311-3333302', crypt('buyer123',gen_salt('bf')),   'buyer'),
(12, 'Usman Shah',           'usman.shah@yahoo.com',     '0311-3333303', crypt('buyer123',gen_salt('bf')),   'buyer'),
(13, 'Ayesha Malik',         'ayesha.malik@gmail.com',   '0311-3333304', crypt('buyer123',gen_salt('bf')),   'buyer'),
(14, 'Zain Ahmed',           'zain.ahmed@hotmail.com',   '0311-3333305', crypt('buyer123',gen_salt('bf')),   'buyer'),
(15, 'Mariam Qureshi',       'mariam.q@gmail.com',       '0311-3333306', crypt('buyer123',gen_salt('bf')),   'buyer'),
(16, 'Hassan Siddiqui',      'hassan.siddiqui@gmail.com','0311-3333307', crypt('buyer123',gen_salt('bf')),   'buyer'),
(17, 'Nadia Hussain',        'nadia.hussain@gmail.com',  '0311-3333308', crypt('buyer123',gen_salt('bf')),   'buyer'),
(18, 'Bilal Chaudhry',       'bilal.ch@gmail.com',       '0311-3333309', crypt('buyer123',gen_salt('bf')),   'buyer'),
(19, 'Sara Iftikhar',        'sara.iftikhar@gmail.com',  '0311-3333310', crypt('buyer123',gen_salt('bf')),   'buyer'),
(20, 'Kamran Baig',          'kamran.baig@gmail.com',    '0311-3333311', crypt('buyer123',gen_salt('bf')),   'buyer'),
(21, 'Hina Javed',           'hina.javed@gmail.com',     '0311-3333312', crypt('buyer123',gen_salt('bf')),   'buyer'),
(22, 'Waqar Abbasi',         'waqar.abbasi@gmail.com',   '0311-3333313', crypt('buyer123',gen_salt('bf')),   'buyer'),
(23, 'Sobia Tariq',          'sobia.tariq@gmail.com',    '0311-3333314', crypt('buyer123',gen_salt('bf')),   'buyer'),
(24, 'Adnan Mirza',          'adnan.mirza@gmail.com',    '0311-3333315', crypt('buyer123',gen_salt('bf')),   'buyer'),
(25, 'Rabia Nawaz',          'rabia.nawaz@gmail.com',    '0311-3333316', crypt('buyer123',gen_salt('bf')),   'buyer');
INSERT INTO admin_profiles (user_id, department, access_level) VALUES (1, 'Platform Operations', 3);
INSERT INTO seller_profiles (user_id, preferred_delivery_service_id, shop_name, shop_description, business_address, city, is_verified, rating, total_sales) VALUES
(2, 1, 'TechZone Electronics',    'Best electronics at unbeatable prices',           'Shop 12, Saddar Karachi',       'Karachi',  TRUE,  4.60, 340),
(3, 2, 'Sana Boutique',           'Trendy women and kids fashion',                   '45-B Gulberg III',              'Lahore',   TRUE,  4.40, 210),
(4, 3, 'Hamza Home & Living',     'Premium furniture and home decor',                'Plot 7, I-8 Markaz',            'Islamabad',TRUE,  4.20, 120),
(5, 2, 'Ahmed Sports Store',      'Professional sports gear and fitness equipment',  '22 Mall Road',                  'Lahore',   TRUE,  4.50, 180),
(6, 4, 'Zara Books & Stationery', 'Books, magazines, and office supplies',           'Urdu Bazaar',                   'Karachi',  FALSE, 4.10,  90),
(7, 1, 'Karachi Mobile Hub',      'Latest smartphones and accessories',              'Hafeez Centre Ground Floor',    'Lahore',   TRUE,  4.70, 520),
(8, 1, 'Lahore Laptop Depot',     'Genuine laptops with warranty',                   'Hall Road IT Market',           'Lahore',   TRUE,  4.55, 265),
(9, 2, 'Cricket Express',         'Everything cricket – bats, balls, gear',         'Stadium Road, Gaddafi Stadium', 'Lahore',   TRUE,  4.80, 410);
INSERT INTO buyer_profiles (user_id, shipping_address, city, loyalty_points) VALUES
(10, 'House 5, Block B, Gulshan-e-Iqbal',   'Karachi',   120),
(11, 'Flat 3A, Askari Towers, Lahore',       'Lahore',    250),
(12, 'Street 12, G-11/1',                    'Islamabad',  80),
(13, 'House 22, DHA Phase 5',                'Karachi',   310),
(14, 'Apartment 7, Model Town',              'Lahore',    190),
(15, 'House 9, Johar Town',                  'Lahore',     50),
(16, 'Plot 3, Sector F-6',                   'Islamabad', 420),
(17, 'House 45, North Nazimabad',            'Karachi',   100),
(18, 'House 2, Punjab Town',                 'Lahore',    200),
(19, 'Flat 8, Bahria Heights',               'Islamabad', 160),
(20, 'House 11, Clifton Block 4',            'Karachi',    70),
(21, 'House 33, Wapda Town',                 'Lahore',    290),
(22, 'House 7, G-15/2',                      'Islamabad',  30),
(23, 'House 88, PAF Colony',                 'Karachi',   110),
(24, 'House 5, Cantt Area',                  'Rawalpindi', 55),
(25, 'House 77, Hayatabad Phase 6',          'Peshawar',  140);
INSERT INTO wallets (user_id, balance, currency) VALUES
(1,  500000.00, 'PKR'),  
(2,  45000.00,  'PKR'),  
(3,  32000.00,  'PKR'),  
(4,  28000.00,  'PKR'),  
(5,  38000.00,  'PKR'),  
(6,  15000.00,  'PKR'),  
(7,  95000.00,  'PKR'),  
(8,  72000.00,  'PKR'),  
(9,  89000.00,  'PKR'),  
(10, 12000.00,  'PKR'),  
(11, 25000.00,  'PKR'),
(12,  9000.00,  'PKR'),
(13, 45000.00,  'PKR'),
(14, 18000.00,  'PKR'),
(15,  5000.00,  'PKR'),
(16, 60000.00,  'PKR'),
(17,  9500.00,  'PKR'),
(18, 14000.00,  'PKR'),
(19, 22000.00,  'PKR'),
(20, 11000.00,  'PKR'),
(21, 30000.00,  'PKR'),
(22,  7500.00,  'PKR'),
(23, 16000.00,  'PKR'),
(24, 13000.00,  'PKR'),
(25, 19000.00,  'PKR');
INSERT INTO products (product_id, seller_id, category_id, name, description, price, discount_pct, stock_qty, weight_kg, sku) VALUES
(1, 1, 8,  'JBL Tune 510BT Wireless Headphones',   'Bluetooth 5.0, 40hr battery, foldable design',    9500.00, 10.0, 35, 0.300, 'JBL-510BT-BLK'),
(2, 1, 8,  'Sony WH-CH720N Noise Cancelling',       'Industry-leading noise cancellation, 35hr battery',28000.00, 5.0, 15, 0.250, 'SNY-WH720N'),
(3, 1, 8,  'Anker Soundcore Life Q30',              'Hybrid active noise cancellation headphones',      7500.00, 8.0, 40, 0.290, 'ANK-Q30-BLK'),
(4, 1, 6,  'Samsung Galaxy A15 5G',                 '6.5 inch Super AMOLED, 5000mAh battery',          45000.00, 0.0, 20, 0.200, 'SAM-A15-5G'),
(5, 1, 6,  'Xiaomi Redmi 13C',                      '6.74 inch HD+, 5000mAh, MediaTek Helio G85',      22000.00, 5.0, 30, 0.192, 'XMI-RMI13C'),
(6, 2, 10, 'Linen Lawn 3-Piece Suit',               'Premium lawn fabric, embroidered neckline',        4500.00, 15.0, 50, 0.400, 'SB-LWN-3PC-001'),
(7, 2, 10, 'Embroidered Khaddar Winter Suit',        'Warm khaddar with intricate embroidery',           6800.00, 10.0, 30, 0.450, 'SB-KHD-WIN-002'),
(8, 2, 9,  'Shalwar Kameez Wash & Wear',             'Machine washable, comfortable daily wear',         2800.00,  0.0, 60, 0.350, 'SB-SK-WW-003'),
(9, 2, 10, 'Abaya with Stone Work',                  'Premium chiffon abaya, hand-placed stones',        7500.00, 12.0, 20, 0.500, 'SB-ABY-STN-004'),
(10, 2, 9,  'Casual Polo T-Shirt Pack of 3',         'Cotton polo, 3 assorted colors',                   1200.00,  5.0, 80, 0.300, 'SB-PLO-3PK-005'),
(11, 3, 3,  'Anex AG-3057 Stand Fan',                '18 inch stand fan, 3 speed settings',              4200.00,  0.0, 25, 4.500, 'HAM-FAN-3057'),
(12, 3, 11, 'Westpoint WF-5269 Blender',             '500W motor, 1.5L jar, stainless blades',           3500.00, 10.0, 35, 2.100, 'HAM-BLD-5269'),
(13, 3, 11, 'Dawlance DW-220C Toaster Oven',         '22L capacity, convection function, 1500W',         8500.00,  8.0, 18, 6.200, 'HAM-TOV-220C'),
(14, 3, 3,  'PVC Waterproof Table Cloth 6-Seater',   'Easy clean, heat resistant, floral print',          950.00,  0.0, 70, 0.600, 'HAM-TBL-CLT-001'),
(15, 3, 11, 'Nasgas EM-0133 Microwave Oven',         '33L digital microwave, 1000W, child lock',        18500.00,  5.0, 12, 12.500,'HAM-MWV-0133'),
(16, 4, 4,  'Adidas Running Shoes SolarBoost',       'Boost cushioning, Primeknit upper, unisex',        9800.00, 12.0, 22, 0.360, 'AHM-ADI-SLB-001'),
(17, 4, 4,  'Gym Dumbbell Set 20kg',                 'Cast iron with rubber grip, adjustable set',        7200.00,  0.0, 15, 20.000,'AHM-DUM-20KG'),
(18, 4, 4,  'Yoga Mat Premium Non-Slip',             '6mm thick, eco-friendly TPE, carrying strap',       1800.00,  5.0, 55, 1.200, 'AHM-YOG-MAT-001'),
(19, 4, 12, 'SS Ton Magnum Cricket Bat Grade 1',     'English willow grade 1, full profile',             12500.00, 10.0, 30, 1.200, 'AHM-SS-MAG-G1'),
(20, 4, 12, 'Kookaburra Pace Cricket Ball Red',      'Grade A hand-stitched leather, 156g',               2200.00,  0.0, 100,0.156, 'AHM-KOK-PCB-RED'),
(21, 5, 5,  'A Thousand Splendid Suns - Hosseini',   'Novel by Khaled Hosseini, paperback 400 pages',    950.00,  0.0, 40, 0.350, 'ZBK-1000-SUN'),
(22, 5, 5,  'Database System Concepts 7th Ed',       'Silberschatz, Korth & Sudarshan, hard cover',      4500.00,  5.0, 20, 1.800, 'ZBK-DSC-7ED'),
(23, 5, 5,  'Urdu Adab Kulliyat-e-Ghalib',          'Complete works of Mirza Ghalib, deluxe edition',   1800.00,  0.0, 25, 0.900, 'ZBK-KUL-GHL'),
(24, 5, 5,  'A4 Spiral Notebook 5-Pack',             '200 pages each, ruled, premium quality',            700.00,  0.0, 100,0.800, 'ZBK-NB-A4-5PK'),
(25, 6, 6,  'iPhone 15 128GB Black',                 'A16 Bionic chip, 48MP camera, USB-C',             245000.00, 0.0, 10, 0.171,'KMH-IP15-128-BLK'),
(26, 6, 6,  'Samsung Galaxy S24 256GB',              'Snapdragon 8 Gen 3, 50MP, 4000mAh',              195000.00, 3.0, 12, 0.167,'KMH-S24-256'),
(27, 6, 6,  'Vivo Y28 5G',                           '6.56" display, 5000mAh, 50MP main camera',         42000.00, 5.0, 25, 0.195,'KMH-VVY28-5G'),
(28, 6, 6,  'Infinix Hot 40 Pro',                    '6.78" IPS, 5000mAh, 108MP camera',                 35000.00, 8.0, 30, 0.210,'KMH-INF-H40P'),
(29, 6, 6,  'Tecno Spark 20',                        '6.6" HD+, 5000mAh, Android 13',                    28000.00, 0.0, 35, 0.182,'KMH-TEC-SP20'),
(30, 7, 7,  'HP Laptop 15-fd0xxx i5-13th Gen',       '8GB RAM, 512GB SSD, 15.6 FHD, Win 11',            95000.00, 5.0,  8, 1.750,'LLD-HP15-I5-13'),
(31, 7, 7,  'Dell Inspiron 15 3520 i7',              '16GB RAM, 512GB SSD, Intel Iris Xe',              130000.00, 3.0,  5, 1.800,'LLD-DLL-I15-I7'),
(32, 7, 7,  'Lenovo IdeaPad 3 i3-12th Gen',          '8GB RAM, 256GB SSD, 15.6 FHD Anti-Glare',          75000.00, 7.0, 10, 1.700,'LLD-LNV-IP3-I3'),
(33, 7, 7,  'Asus VivoBook 16X M1603',               'Ryzen 5 5600H, 16GB, 512GB SSD, FHD+',            110000.00, 4.0,  6, 1.900,'LLD-ASU-VBK16X'),
(34, 8, 12, 'Gray-Nicolls Maax English Willow Bat',  'Grade A EW, 2.9 pre-knocked, 6 grains',           22000.00,  8.0, 20, 1.180,'CKT-GN-MAAX-EW'),
(35, 8, 12, 'MRF Genius Grand Cricket Bat',          'Endorsed by Virat Kohli, Grade 1 EW',             18500.00,  5.0, 25, 1.150,'CKT-MRF-GGR-G1'),
(36, 8, 12, 'Complete Cricket Kit Junior',           'Bat, pads, gloves, helmet, bag – under 16',        8500.00, 10.0, 15, 4.500,'CKT-KIT-JNR-001'),
(37, 8, 12, 'SG Batting Gloves Pro',                 'Full grain leather, top palm, extra grip',          3200.00,  0.0, 40, 0.250,'CKT-SG-GLV-PRO'),
(38, 8, 12, 'Kookaburra Kahuna Cricket Pads',        'Lightweight, double knee roll, adjustable',         6500.00,  5.0, 30, 0.850,'CKT-KOK-KHN-PAD');
INSERT INTO product_images (product_id, image_url, is_primary, display_order) VALUES
(1, 'https://queue-it.com/media/ppcp1twv/product-drop.jpg', TRUE, 1),
(2, 'https://queue-it.com/media/ppcp1twv/product-drop.jpg', TRUE, 1),
(3, 'https://queue-it.com/media/ppcp1twv/product-drop.jpg', TRUE, 1),
(4, 'https://queue-it.com/media/ppcp1twv/product-drop.jpg', TRUE, 1),
(5, 'https://queue-it.com/media/ppcp1twv/product-drop.jpg', TRUE, 1),
(6, 'https://queue-it.com/media/ppcp1twv/product-drop.jpg', TRUE, 1),
(7, 'https://queue-it.com/media/ppcp1twv/product-drop.jpg', TRUE, 1),
(8, 'https://queue-it.com/media/ppcp1twv/product-drop.jpg', TRUE, 1),
(9, 'https://queue-it.com/media/ppcp1twv/product-drop.jpg', TRUE, 1),
(10, 'https://queue-it.com/media/ppcp1twv/product-drop.jpg', TRUE, 1),
(11, 'https://queue-it.com/media/ppcp1twv/product-drop.jpg', TRUE, 1),
(12, 'https://queue-it.com/media/ppcp1twv/product-drop.jpg', TRUE, 1),
(13, 'https://queue-it.com/media/ppcp1twv/product-drop.jpg', TRUE, 1),
(14, 'https://queue-it.com/media/ppcp1twv/product-drop.jpg', TRUE, 1),
(15, 'https://queue-it.com/media/ppcp1twv/product-drop.jpg', TRUE, 1),
(16, 'https://queue-it.com/media/ppcp1twv/product-drop.jpg', TRUE, 1),
(17, 'https://queue-it.com/media/ppcp1twv/product-drop.jpg', TRUE, 1),
(18, 'https://queue-it.com/media/ppcp1twv/product-drop.jpg', TRUE, 1),
(19, 'https://queue-it.com/media/ppcp1twv/product-drop.jpg', TRUE, 1),
(20, 'https://queue-it.com/media/ppcp1twv/product-drop.jpg', TRUE, 1),
(21, 'https://queue-it.com/media/ppcp1twv/product-drop.jpg', TRUE, 1),
(22, 'https://queue-it.com/media/ppcp1twv/product-drop.jpg', TRUE, 1),
(23, 'https://queue-it.com/media/ppcp1twv/product-drop.jpg', TRUE, 1),
(24, 'https://queue-it.com/media/ppcp1twv/product-drop.jpg', TRUE, 1),
(25, 'https://queue-it.com/media/ppcp1twv/product-drop.jpg', TRUE, 1),
(26, 'https://queue-it.com/media/ppcp1twv/product-drop.jpg', TRUE, 1),
(27, 'https://queue-it.com/media/ppcp1twv/product-drop.jpg', TRUE, 1),
(28, 'https://queue-it.com/media/ppcp1twv/product-drop.jpg', TRUE, 1),
(29, 'https://queue-it.com/media/ppcp1twv/product-drop.jpg', TRUE, 1),
(30, 'https://queue-it.com/media/ppcp1twv/product-drop.jpg', TRUE, 1),
(31, 'https://queue-it.com/media/ppcp1twv/product-drop.jpg', TRUE, 1),
(32, 'https://queue-it.com/media/ppcp1twv/product-drop.jpg', TRUE, 1),
(33, 'https://queue-it.com/media/ppcp1twv/product-drop.jpg', TRUE, 1),
(34, 'https://queue-it.com/media/ppcp1twv/product-drop.jpg', TRUE, 1),
(35, 'https://queue-it.com/media/ppcp1twv/product-drop.jpg', TRUE, 1),
(36, 'https://queue-it.com/media/ppcp1twv/product-drop.jpg', TRUE, 1),
(37, 'https://queue-it.com/media/ppcp1twv/product-drop.jpg', TRUE, 1),
(38, 'https://queue-it.com/media/ppcp1twv/product-drop.jpg', TRUE, 1);
INSERT INTO orders (buyer_id, seller_id, delivery_service_id, status, subtotal, delivery_fee, discount_amount, total_amount, shipping_address) VALUES
(1,  7, 1, 'delivered',  95000.00, 250.00, 4750.00,  90500.00, 'House 5, Block B, Gulshan-e-Iqbal, Karachi'),
(2,  6, 2, 'delivered',  45000.00, 200.00,    0.00,  45200.00, 'Flat 3A, Askari Towers, Lahore'),
(3,  8, 1, 'delivered',  22000.00, 300.00, 1760.00,  20540.00, 'Street 12, G-11/1, Islamabad'),
(4,  1, 3, 'delivered',   9500.00, 150.00,  950.00,   8700.00, 'House 22, DHA Phase 5, Karachi'),
(5,  4, 2, 'delivered',  12500.00, 200.00, 1250.00,  11450.00, 'Apartment 7, Model Town, Lahore'),
(6,  2, 4, 'delivered',   4500.00, 100.00,  675.00,   3925.00, 'House 9, Johar Town, Lahore'),
(7,  7, 1, 'delivered', 130000.00, 300.00, 3900.00, 126400.00, 'Plot 3, Sector F-6, Islamabad'),
(8,  6, 2, 'delivered', 195000.00, 250.00, 5850.00, 189400.00, 'House 45, North Nazimabad, Karachi'),
(9,  3, 3, 'delivered',   3500.00, 120.00,  350.00,   3270.00, 'House 2, Punjab Town, Lahore'),
(10, 8, 1, 'delivered',  18500.00, 250.00,  925.00,  17825.00, 'Flat 8, Bahria Heights, Islamabad'),
(11, 4, 2, 'delivered',   7200.00, 200.00,    0.00,   7400.00, 'House 11, Clifton Block 4, Karachi'),
(12, 5, 4, 'delivered',    950.00,  80.00,    0.00,   1030.00, 'House 33, Wapda Town, Lahore'),
(13, 1, 3, 'delivered',  28000.00, 150.00,    0.00,  28150.00, 'House 7, G-15/2, Islamabad'),
(14, 3, 1, 'delivered',  18500.00, 200.00,    0.00,  18700.00, 'House 88, PAF Colony, Karachi'),
(15, 6, 2, 'delivered',  42000.00, 200.00, 2100.00,  40100.00, 'House 5, Cantt Area, Rawalpindi'),
(16, 2, 4, 'delivered',   6800.00, 100.00,  680.00,   6220.00, 'House 77, Hayatabad Phase 6, Peshawar'),
(1,  7, 1, 'shipped',    110000.00, 300.00, 4400.00, 105900.00, 'House 5, Block B, Gulshan-e-Iqbal, Karachi'),
(2,  8, 2, 'confirmed',  22000.00, 250.00, 1760.00,  20490.00, 'Flat 3A, Askari Towers, Lahore'),
(3,  4, 1, 'confirmed',   9800.00, 200.00, 1176.00,   8824.00, 'Street 12, G-11/1, Islamabad'),
(4,  6, 3, 'pending',    245000.00, 300.00,   0.00, 245300.00, 'House 22, DHA Phase 5, Karachi'),
(5,  1, 2, 'pending',     28000.00, 200.00, 1400.00,  26800.00, 'Apartment 7, Model Town, Lahore'),
(6,  3, 4, 'cancelled',    8500.00, 120.00,  680.00,   7940.00, 'House 9, Johar Town, Lahore'),
(7,  5, 1, 'delivered',    4500.00, 150.00,    0.00,   4650.00, 'Plot 3, Sector F-6, Islamabad'),
(8,  4, 2, 'delivered',    1800.00, 150.00,    0.00,   1950.00, 'House 45, North Nazimabad, Karachi'),
(9,  8, 1, 'delivered',    6500.00, 200.00,  325.00,   6375.00, 'House 2, Punjab Town, Lahore');
INSERT INTO order_items (order_id, product_id, quantity, unit_price, discount_pct, line_total) VALUES
(1,  29, 1, 95000.00, 5.0,  90250.00),
(2,  24, 1, 45000.00, 0.0,  45000.00),
(3,  33, 1, 22000.00, 8.0,  20240.00),
(4,   1, 1,  9500.00,10.0,   8550.00),
(5,  19, 1, 12500.00,10.0,  11250.00),
(6,   6, 1,  4500.00,15.0,   3825.00),
(7,  31, 1,130000.00, 3.0, 126100.00),
(8,  26, 1,195000.00, 3.0, 189150.00),
(9,  12, 1,  3500.00,10.0,   3150.00),
(10, 34, 1, 18500.00, 5.0,  17575.00),
(11, 17, 1,  7200.00, 0.0,   7200.00),
(12, 21, 1,   950.00, 0.0,    950.00),
(13,  2, 1, 28000.00, 5.0,  26600.00),
(14, 34, 1, 18500.00, 0.0,  18500.00),
(15, 27, 1, 42000.00, 5.0,  39900.00),
(16,  7, 1,  6800.00,10.0,   6120.00),
(17, 32, 1,110000.00, 4.0, 105600.00),
(18, 35, 1, 22000.00, 8.0,  20240.00),
(19, 16, 1,  9800.00,12.0,   8624.00),
(20, 25, 1,245000.00, 0.0, 245000.00),
(21,  2, 1, 28000.00, 5.0,  26600.00),
(22, 13, 1,  8500.00, 8.0,   7820.00),
(23, 22, 1,  4500.00, 5.0,   4275.00),
(24, 18, 1,  1800.00, 5.0,   1710.00),
(25, 38, 1,  6500.00, 5.0,   6175.00),
(1,  3, 2,  7500.00, 8.0,  13800.00),
(5,  20, 2,  2200.00, 0.0,   4400.00),
(7,  3,  1,  7500.00, 8.0,   6900.00),
(11, 18, 1,  1800.00, 5.0,   1710.00);
INSERT INTO wallet_transactions (wallet_id, order_id, txn_type, amount, balance_before, balance_after, description) VALUES
(10, NULL, 'topup', 50000.00, 0.00,     50000.00, 'Initial wallet top-up via bank transfer'),
(11, NULL, 'topup', 70000.00, 0.00,     70000.00, 'Initial wallet top-up via JazzCash'),
(12, NULL, 'topup', 30000.00, 0.00,     30000.00, 'Initial wallet top-up via EasyPaisa'),
(13, NULL, 'topup', 90000.00, 0.00,     90000.00, 'Initial wallet top-up via bank transfer'),
(14, NULL, 'topup', 45000.00, 0.00,     45000.00, 'Initial wallet top-up via JazzCash'),
(15, NULL, 'topup', 20000.00, 0.00,     20000.00, 'Initial wallet top-up via EasyPaisa'),
(16, NULL, 'topup',150000.00, 0.00,    150000.00, 'Initial wallet top-up via bank transfer'),
(17, NULL, 'topup', 35000.00, 0.00,     35000.00, 'Initial wallet top-up via JazzCash'),
(10,  1,  'payment', 90500.00, 50000.00, -40500.00,'Payment for Order #1'),
(11,  2,  'payment', 45200.00, 70000.00,  24800.00,'Payment for Order #2');
INSERT INTO delivery_tracking (order_id, delivery_service_id, tracking_number, current_status, current_location, estimated_delivery, actual_delivery) VALUES
(1,  1, 'TCS-2024-001001', 'delivered',       'Karachi Hub',      '2025-01-15', '2025-01-14 14:30:00+05'),
(2,  2, 'LPD-2024-002001', 'delivered',       'Lahore Hub',       '2025-01-16', '2025-01-15 11:00:00+05'),
(3,  1, 'TCS-2024-003001', 'delivered',       'Islamabad Hub',    '2025-01-18', '2025-01-17 16:45:00+05'),
(4,  3, 'MNP-2024-004001', 'delivered',       'Karachi South',    '2025-01-20', '2025-01-19 10:00:00+05'),
(5,  2, 'LPD-2024-005001', 'delivered',       'Lahore South',     '2025-01-22', '2025-01-21 13:30:00+05'),
(6,  4, 'PKP-2024-006001', 'delivered',       'Johar Town PO',    '2025-01-25', '2025-01-24 09:00:00+05'),
(7,  1, 'TCS-2024-007001', 'delivered',       'F-6 Sector',       '2025-01-28', '2025-01-27 15:00:00+05'),
(8,  2, 'LPD-2024-008001', 'delivered',       'North Nazimabad',  '2025-02-01', '2025-01-31 12:00:00+05'),
(9,  3, 'MNP-2024-009001', 'delivered',       'Punjab Town Hub',  '2025-02-03', '2025-02-02 17:00:00+05'),
(10, 1, 'TCS-2024-010001', 'delivered',       'Bahria Heights',   '2025-02-05', '2025-02-04 11:30:00+05'),
(17, 1, 'TCS-2025-017001', 'in_transit',      'Lahore Sorting',   '2026-02-25', NULL),
(18, 2, 'LPD-2025-018001', 'pickup_scheduled','Awaiting Pickup',  '2026-02-26', NULL);
